test_id,label
0,Forest
1,River
2,Forest
3,Forest
4,River
5,AnnualCrop
6,SeaLake
7,Forest
8,Forest
9,Forest
10,Forest
11,Forest
12,Industrial
13,Residential
14,Forest
15,Forest
16,Forest
17,River
18,AnnualCrop
19,River
20,Forest
21,Industrial
22,SeaLake
23,Forest
24,HerbaceousVegetation
25,Industrial
26,AnnualCrop
27,HerbaceousVegetation
28,HerbaceousVegetation
29,Industrial
30,Forest
31,Pasture
32,HerbaceousVegetation
33,Highway
34,Pasture
35,AnnualCrop
36,Forest
37,Industrial
38,Forest
39,Forest
40,Forest
41,Pasture
42,Highway
43,Forest
44,Pasture
45,Pasture
46,Forest
47,Forest
48,Highway
49,Forest
50,AnnualCrop
51,River
52,SeaLake
53,HerbaceousVegetation
54,Industrial
55,Pasture
56,Residential
57,Pasture
58,Forest
59,Highway
60,Forest
61,River
62,Residential
63,Highway
64,Forest
65,SeaLake
66,Forest
67,Forest
68,River
69,Forest
70,Forest
71,Pasture
72,Highway
73,SeaLake
74,Pasture
75,Pasture
76,AnnualCrop
77,Forest
78,Forest
79,Forest
80,PermanentCrop
81,Forest
82,PermanentCrop
83,Residential
84,Forest
85,Forest
86,SeaLake
87,AnnualCrop
88,Forest
89,SeaLake
90,Forest
91,Residential
92,Forest
93,Forest
94,Forest
95,SeaLake
96,River
97,River
98,Residential
99,Forest
100,SeaLake
101,Residential
102,Forest
103,Residential
104,Forest
105,Residential
106,Forest
107,HerbaceousVegetation
108,Forest
109,Industrial
110,Industrial
111,Highway
112,Forest
113,Forest
114,HerbaceousVegetation
115,Forest
116,Forest
117,Highway
118,Forest
119,Industrial
120,SeaLake
121,SeaLake
122,Pasture
123,SeaLake
124,Pasture
125,SeaLake
126,Forest
127,Pasture
128,Highway
129,Highway
130,Highway
131,Forest
132,SeaLake
133,Forest
134,River
135,AnnualCrop
136,Forest
137,Forest
138,Highway
139,SeaLake
140,AnnualCrop
141,SeaLake
142,AnnualCrop
143,HerbaceousVegetation
144,Highway
145,Highway
146,Forest
147,Forest
148,Highway
149,Forest
150,Forest
151,Pasture
152,River
153,Pasture
154,Forest
155,Forest
156,Forest
157,Industrial
158,Industrial
159,Forest
160,Residential
161,Industrial
162,Residential
163,Forest
164,Industrial
165,Highway
166,Pasture
167,Pasture
168,Highway
169,Highway
170,River
171,Forest
172,Pasture
173,SeaLake
174,Pasture
175,Forest
176,Residential
177,Forest
178,Highway
179,SeaLake
180,AnnualCrop
181,SeaLake
182,Forest
183,Highway
184,AnnualCrop
185,Forest
186,Forest
187,SeaLake
188,Residential
189,SeaLake
190,Pasture
191,Highway
192,Residential
193,Residential
194,SeaLake
195,HerbaceousVegetation
196,Pasture
197,Residential
198,AnnualCrop
199,Pasture
200,Highway
201,Forest
202,Pasture
203,Highway
204,Pasture
205,Forest
206,Forest
207,AnnualCrop
208,Forest
209,Forest
210,SeaLake
211,Forest
212,Residential
213,HerbaceousVegetation
214,Forest
215,Forest
216,Forest
217,AnnualCrop
218,Forest
219,SeaLake
220,Forest
221,SeaLake
222,Industrial
223,Forest
224,SeaLake
225,Forest
226,SeaLake
227,Forest
228,Forest
229,Residential
230,Forest
231,AnnualCrop
232,HerbaceousVegetation
233,River
234,HerbaceousVegetation
235,AnnualCrop
236,HerbaceousVegetation
237,SeaLake
238,Pasture
239,Residential
240,SeaLake
241,Forest
242,River
243,Industrial
244,Highway
245,Industrial
246,Highway
247,AnnualCrop
248,SeaLake
249,Forest
250,Forest
251,Forest
252,Industrial
253,Forest
254,Industrial
255,Forest
256,AnnualCrop
257,HerbaceousVegetation
258,Highway
259,Residential
260,PermanentCrop
261,Pasture
262,Forest
263,Forest
264,Forest
265,Highway
266,SeaLake
267,Highway
268,River
269,Forest
270,Forest
271,Forest
272,Residential
273,Residential
274,Forest
275,River
276,SeaLake
277,Forest
278,Forest
279,Forest
280,Forest
281,Forest
282,River
283,Residential
284,Residential
285,Forest
286,Highway
287,Forest
288,AnnualCrop
289,Residential
290,Forest
291,Forest
292,SeaLake
293,Highway
294,Forest
295,SeaLake
296,Highway
297,Forest
298,SeaLake
299,Residential
300,SeaLake
301,Highway
302,Highway
303,Pasture
304,Forest
305,HerbaceousVegetation
306,Forest
307,Highway
308,Residential
309,Forest
310,Forest
311,AnnualCrop
312,Forest
313,Forest
314,AnnualCrop
315,Highway
316,Industrial
317,PermanentCrop
318,Forest
319,Pasture
320,HerbaceousVegetation
321,Highway
322,Forest
323,Forest
324,Pasture
325,Forest
326,Pasture
327,SeaLake
328,HerbaceousVegetation
329,AnnualCrop
330,River
331,Forest
332,Highway
333,AnnualCrop
334,Forest
335,Forest
336,Forest
337,Highway
338,AnnualCrop
339,AnnualCrop
340,Pasture
341,Forest
342,Forest
343,Forest
344,HerbaceousVegetation
345,SeaLake
346,Industrial
347,HerbaceousVegetation
348,Residential
349,Forest
350,AnnualCrop
351,HerbaceousVegetation
352,AnnualCrop
353,Forest
354,Forest
355,Residential
356,SeaLake
357,SeaLake
358,Forest
359,HerbaceousVegetation
360,Forest
361,Highway
362,River
363,Industrial
364,HerbaceousVegetation
365,Pasture
366,Highway
367,Residential
368,Industrial
369,SeaLake
370,AnnualCrop
371,Forest
372,SeaLake
373,Residential
374,Forest
375,Pasture
376,Forest
377,HerbaceousVegetation
378,Forest
379,AnnualCrop
380,Forest
381,Highway
382,SeaLake
383,Highway
384,Industrial
385,Industrial
386,Forest
387,Residential
388,Industrial
389,Highway
390,HerbaceousVegetation
391,Forest
392,Residential
393,Forest
394,Highway
395,Highway
396,Forest
397,Highway
398,Forest
399,Pasture
400,AnnualCrop
401,Forest
402,Forest
403,HerbaceousVegetation
404,SeaLake
405,Pasture
406,Pasture
407,Industrial
408,Pasture
409,Pasture
410,Industrial
411,Residential
412,Residential
413,HerbaceousVegetation
414,Forest
415,HerbaceousVegetation
416,Residential
417,Industrial
418,Forest
419,Pasture
420,River
421,Forest
422,Industrial
423,Pasture
424,HerbaceousVegetation
425,Forest
426,AnnualCrop
427,AnnualCrop
428,Pasture
429,Industrial
430,Forest
431,Forest
432,AnnualCrop
433,Residential
434,Highway
435,Forest
436,HerbaceousVegetation
437,River
438,SeaLake
439,Forest
440,Residential
441,Forest
442,Forest
443,Forest
444,AnnualCrop
445,Forest
446,Highway
447,SeaLake
448,Forest
449,Highway
450,River
451,Forest
452,Forest
453,HerbaceousVegetation
454,Residential
455,SeaLake
456,Forest
457,Residential
458,AnnualCrop
459,Residential
460,Highway
461,Pasture
462,Residential
463,SeaLake
464,AnnualCrop
465,Forest
466,Forest
467,HerbaceousVegetation
468,Highway
469,Pasture
470,HerbaceousVegetation
471,SeaLake
472,Forest
473,Forest
474,River
475,Residential
476,Forest
477,Pasture
478,Forest
479,AnnualCrop
480,Highway
481,Forest
482,River
483,HerbaceousVegetation
484,Highway
485,Industrial
486,Pasture
487,Industrial
488,SeaLake
489,Highway
490,Forest
491,River
492,AnnualCrop
493,Forest
494,Forest
495,SeaLake
496,Forest
497,Pasture
498,River
499,SeaLake
500,Industrial
501,River
502,Forest
503,Forest
504,River
505,Residential
506,Forest
507,Residential
508,Highway
509,Forest
510,Residential
511,SeaLake
512,River
513,River
514,SeaLake
515,HerbaceousVegetation
516,Forest
517,Industrial
518,Forest
519,AnnualCrop
520,Residential
521,AnnualCrop
522,HerbaceousVegetation
523,Forest
524,Pasture
525,HerbaceousVegetation
526,Highway
527,Highway
528,Forest
529,Forest
530,Industrial
531,SeaLake
532,Industrial
533,Forest
534,Pasture
535,Industrial
536,Highway
537,Forest
538,Residential
539,Residential
540,Industrial
541,HerbaceousVegetation
542,Residential
543,Highway
544,AnnualCrop
545,SeaLake
546,Forest
547,HerbaceousVegetation
548,Highway
549,Forest
550,Residential
551,Pasture
552,AnnualCrop
553,Forest
554,SeaLake
555,Highway
556,Forest
557,SeaLake
558,Pasture
559,Highway
560,Forest
561,Industrial
562,Pasture
563,Residential
564,Industrial
565,Industrial
566,Pasture
567,AnnualCrop
568,Highway
569,SeaLake
570,Forest
571,Forest
572,Forest
573,Residential
574,Industrial
575,Industrial
576,Industrial
577,Pasture
578,Forest
579,HerbaceousVegetation
580,Residential
581,Forest
582,Residential
583,SeaLake
584,Forest
585,Highway
586,Industrial
587,Pasture
588,Forest
589,Residential
590,Forest
591,Industrial
592,AnnualCrop
593,Residential
594,Forest
595,AnnualCrop
596,SeaLake
597,Forest
598,SeaLake
599,AnnualCrop
600,Forest
601,Highway
602,Residential
603,Pasture
604,AnnualCrop
605,Residential
606,HerbaceousVegetation
607,Highway
608,Forest
609,Forest
610,Forest
611,Pasture
612,Industrial
613,Industrial
614,Residential
615,Forest
616,Highway
617,Pasture
618,Residential
619,River
620,Forest
621,Forest
622,Forest
623,AnnualCrop
624,Forest
625,Forest
626,AnnualCrop
627,Pasture
628,Industrial
629,Forest
630,Forest
631,Forest
632,Highway
633,Highway
634,SeaLake
635,Pasture
636,SeaLake
637,HerbaceousVegetation
638,HerbaceousVegetation
639,Industrial
640,Residential
641,HerbaceousVegetation
642,Industrial
643,Highway
644,Forest
645,Residential
646,Highway
647,Residential
648,AnnualCrop
649,SeaLake
650,SeaLake
651,Highway
652,Highway
653,Forest
654,AnnualCrop
655,PermanentCrop
656,Forest
657,Forest
658,SeaLake
659,River
660,SeaLake
661,SeaLake
662,HerbaceousVegetation
663,Pasture
664,Forest
665,AnnualCrop
666,Highway
667,Forest
668,PermanentCrop
669,Pasture
670,Residential
671,Highway
672,Forest
673,Forest
674,SeaLake
675,Forest
676,Forest
677,Residential
678,Highway
679,HerbaceousVegetation
680,Highway
681,SeaLake
682,Forest
683,Forest
684,Residential
685,SeaLake
686,AnnualCrop
687,Residential
688,Pasture
689,Forest
690,Forest
691,Highway
692,Forest
693,Highway
694,Industrial
695,Forest
696,Residential
697,Pasture
698,Highway
699,AnnualCrop
700,Highway
701,Pasture
702,Forest
703,Highway
704,Pasture
705,Pasture
706,Forest
707,AnnualCrop
708,HerbaceousVegetation
709,SeaLake
710,Forest
711,Highway
712,Industrial
713,HerbaceousVegetation
714,Forest
715,Forest
716,Forest
717,Residential
718,Forest
719,Pasture
720,Pasture
721,Industrial
722,Industrial
723,Residential
724,HerbaceousVegetation
725,Highway
726,SeaLake
727,HerbaceousVegetation
728,SeaLake
729,Forest
730,HerbaceousVegetation
731,Pasture
732,River
733,HerbaceousVegetation
734,Pasture
735,Residential
736,Pasture
737,SeaLake
738,Highway
739,Pasture
740,Pasture
741,Industrial
742,Forest
743,Forest
744,PermanentCrop
745,HerbaceousVegetation
746,Forest
747,Forest
748,Industrial
749,Industrial
750,Forest
751,Residential
752,Highway
753,Residential
754,Highway
755,Forest
756,Forest
757,SeaLake
758,Forest
759,AnnualCrop
760,Highway
761,Residential
762,Pasture
763,SeaLake
764,Pasture
765,Forest
766,Forest
767,SeaLake
768,Pasture
769,AnnualCrop
770,Forest
771,Pasture
772,Forest
773,SeaLake
774,Forest
775,Industrial
776,Highway
777,Forest
778,HerbaceousVegetation
779,Industrial
780,Pasture
781,Forest
782,SeaLake
783,HerbaceousVegetation
784,Pasture
785,Forest
786,Forest
787,HerbaceousVegetation
788,Residential
789,Residential
790,Residential
791,Forest
792,Pasture
793,AnnualCrop
794,Residential
795,Pasture
796,Forest
797,Forest
798,Forest
799,Forest
800,Forest
801,Forest
802,Forest
803,Residential
804,Forest
805,Highway
806,Forest
807,Forest
808,Highway
809,Highway
810,Industrial
811,HerbaceousVegetation
812,AnnualCrop
813,Industrial
814,SeaLake
815,Forest
816,Forest
817,Highway
818,Highway
819,Residential
820,Highway
821,Industrial
822,Forest
823,Pasture
824,Forest
825,River
826,River
827,Forest
828,Forest
829,Highway
830,Residential
831,Residential
832,Forest
833,River
834,Highway
835,River
836,Residential
837,Residential
838,Forest
839,Forest
840,Forest
841,Forest
842,Forest
843,PermanentCrop
844,Forest
845,SeaLake
846,Forest
847,Highway
848,Forest
849,Residential
850,Pasture
851,Industrial
852,Pasture
853,Forest
854,Residential
855,Forest
856,Forest
857,SeaLake
858,Highway
859,Forest
860,SeaLake
861,Forest
862,Highway
863,Industrial
864,Pasture
865,Forest
866,Pasture
867,Forest
868,Forest
869,Forest
870,River
871,Residential
872,Industrial
873,Industrial
874,Pasture
875,Pasture
876,Industrial
877,AnnualCrop
878,Forest
879,Pasture
880,Forest
881,River
882,Industrial
883,Forest
884,SeaLake
885,Pasture
886,Pasture
887,SeaLake
888,Highway
889,Forest
890,Residential
891,River
892,Forest
893,Forest
894,Highway
895,River
896,River
897,Industrial
898,Forest
899,Forest
900,Industrial
901,Forest
902,Forest
903,River
904,Forest
905,SeaLake
906,Pasture
907,SeaLake
908,HerbaceousVegetation
909,HerbaceousVegetation
910,Forest
911,Industrial
912,Highway
913,Industrial
914,Forest
915,Highway
916,Forest
917,Forest
918,HerbaceousVegetation
919,SeaLake
920,Forest
921,Forest
922,Highway
923,SeaLake
924,Pasture
925,Highway
926,Forest
927,Forest
928,AnnualCrop
929,HerbaceousVegetation
930,Highway
931,Forest
932,Industrial
933,Industrial
934,Pasture
935,SeaLake
936,AnnualCrop
937,Pasture
938,Forest
939,Forest
940,Forest
941,Forest
942,Forest
943,Pasture
944,Forest
945,Residential
946,Forest
947,Forest
948,Forest
949,Forest
950,Highway
951,SeaLake
952,River
953,AnnualCrop
954,River
955,HerbaceousVegetation
956,Forest
957,Forest
958,Pasture
959,HerbaceousVegetation
960,Forest
961,Highway
962,Industrial
963,Pasture
964,SeaLake
965,Industrial
966,SeaLake
967,AnnualCrop
968,HerbaceousVegetation
969,Forest
970,Residential
971,SeaLake
972,Industrial
973,Pasture
974,Highway
975,SeaLake
976,SeaLake
977,Forest
978,SeaLake
979,SeaLake
980,Industrial
981,HerbaceousVegetation
982,Pasture
983,HerbaceousVegetation
984,Highway
985,Industrial
986,Forest
987,Highway
988,Highway
989,Pasture
990,Forest
991,SeaLake
992,Forest
993,Residential
994,SeaLake
995,Residential
996,SeaLake
997,Highway
998,Highway
999,Forest
1000,Industrial
1001,Forest
1002,Forest
1003,Pasture
1004,Forest
1005,Forest
1006,SeaLake
1007,Forest
1008,Pasture
1009,Pasture
1010,Pasture
1011,Industrial
1012,Industrial
1013,Forest
1014,Industrial
1015,Forest
1016,Forest
1017,Forest
1018,Forest
1019,Highway
1020,SeaLake
1021,AnnualCrop
1022,Forest
1023,Residential
1024,River
1025,Forest
1026,HerbaceousVegetation
1027,Forest
1028,Forest
1029,Highway
1030,Residential
1031,AnnualCrop
1032,SeaLake
1033,Forest
1034,SeaLake
1035,Forest
1036,Forest
1037,Forest
1038,Industrial
1039,AnnualCrop
1040,Forest
1041,Forest
1042,Residential
1043,River
1044,River
1045,Residential
1046,Forest
1047,SeaLake
1048,AnnualCrop
1049,Residential
1050,SeaLake
1051,River
1052,PermanentCrop
1053,Forest
1054,SeaLake
1055,Pasture
1056,AnnualCrop
1057,Forest
1058,Forest
1059,Pasture
1060,PermanentCrop
1061,Forest
1062,SeaLake
1063,Residential
1064,River
1065,Forest
1066,Forest
1067,River
1068,HerbaceousVegetation
1069,Forest
1070,Forest
1071,Forest
1072,Industrial
1073,Residential
1074,Forest
1075,Highway
1076,Forest
1077,Forest
1078,Highway
1079,Residential
1080,Forest
1081,Highway
1082,HerbaceousVegetation
1083,Forest
1084,Pasture
1085,Highway
1086,AnnualCrop
1087,Pasture
1088,Forest
1089,Highway
1090,HerbaceousVegetation
1091,Residential
1092,Forest
1093,Pasture
1094,SeaLake
1095,Forest
1096,SeaLake
1097,Forest
1098,Residential
1099,Forest
1100,Forest
1101,River
1102,Pasture
1103,Pasture
1104,River
1105,Forest
1106,Forest
1107,Pasture
1108,SeaLake
1109,Pasture
1110,Forest
1111,AnnualCrop
1112,Highway
1113,HerbaceousVegetation
1114,HerbaceousVegetation
1115,Forest
1116,PermanentCrop
1117,Highway
1118,Pasture
1119,Highway
1120,Forest
1121,River
1122,Pasture
1123,Pasture
1124,Residential
1125,Industrial
1126,Industrial
1127,Forest
1128,Industrial
1129,Residential
1130,Pasture
1131,Forest
1132,HerbaceousVegetation
1133,Forest
1134,Highway
1135,Residential
1136,Industrial
1137,Forest
1138,SeaLake
1139,HerbaceousVegetation
1140,Highway
1141,Forest
1142,Pasture
1143,SeaLake
1144,Forest
1145,Forest
1146,Industrial
1147,Forest
1148,Residential
1149,Highway
1150,Residential
1151,Highway
1152,Highway
1153,Forest
1154,Forest
1155,PermanentCrop
1156,Forest
1157,River
1158,SeaLake
1159,Forest
1160,Highway
1161,Highway
1162,Industrial
1163,AnnualCrop
1164,River
1165,Forest
1166,HerbaceousVegetation
1167,Residential
1168,Residential
1169,Industrial
1170,SeaLake
1171,Highway
1172,Forest
1173,Forest
1174,AnnualCrop
1175,Highway
1176,Pasture
1177,Forest
1178,Highway
1179,Highway
1180,Highway
1181,HerbaceousVegetation
1182,Highway
1183,Forest
1184,Residential
1185,Industrial
1186,Residential
1187,Forest
1188,Forest
1189,Forest
1190,Pasture
1191,SeaLake
1192,River
1193,Pasture
1194,Industrial
1195,Residential
1196,Forest
1197,SeaLake
1198,Forest
1199,Forest
1200,SeaLake
1201,PermanentCrop
1202,Forest
1203,Forest
1204,SeaLake
1205,Forest
1206,AnnualCrop
1207,Pasture
1208,HerbaceousVegetation
1209,Pasture
1210,Industrial
1211,Pasture
1212,Forest
1213,Industrial
1214,HerbaceousVegetation
1215,Forest
1216,SeaLake
1217,Forest
1218,Residential
1219,Highway
1220,Industrial
1221,Forest
1222,HerbaceousVegetation
1223,SeaLake
1224,River
1225,SeaLake
1226,Pasture
1227,HerbaceousVegetation
1228,Highway
1229,Pasture
1230,River
1231,Residential
1232,SeaLake
1233,Forest
1234,Forest
1235,Forest
1236,Forest
1237,Highway
1238,Forest
1239,Pasture
1240,Pasture
1241,Forest
1242,Forest
1243,Forest
1244,Forest
1245,SeaLake
1246,Forest
1247,Pasture
1248,Forest
1249,Forest
1250,Highway
1251,Residential
1252,Forest
1253,Forest
1254,AnnualCrop
1255,Forest
1256,Forest
1257,Pasture
1258,AnnualCrop
1259,SeaLake
1260,Forest
1261,Residential
1262,Forest
1263,Industrial
1264,Forest
1265,River
1266,Pasture
1267,Forest
1268,HerbaceousVegetation
1269,Residential
1270,Forest
1271,Pasture
1272,River
1273,Highway
1274,Forest
1275,Pasture
1276,AnnualCrop
1277,Pasture
1278,HerbaceousVegetation
1279,Forest
1280,Forest
1281,Forest
1282,SeaLake
1283,Highway
1284,Highway
1285,Forest
1286,River
1287,AnnualCrop
1288,River
1289,Residential
1290,Forest
1291,Residential
1292,SeaLake
1293,Forest
1294,Forest
1295,Residential
1296,HerbaceousVegetation
1297,Forest
1298,Pasture
1299,Forest
1300,Residential
1301,Forest
1302,Industrial
1303,Residential
1304,SeaLake
1305,Forest
1306,Forest
1307,River
1308,Highway
1309,Highway
1310,Highway
1311,Forest
1312,Forest
1313,AnnualCrop
1314,Forest
1315,AnnualCrop
1316,Pasture
1317,Forest
1318,Pasture
1319,SeaLake
1320,Forest
1321,SeaLake
1322,Forest
1323,Forest
1324,Forest
1325,Industrial
1326,Industrial
1327,River
1328,Residential
1329,Highway
1330,Forest
1331,Forest
1332,Forest
1333,Forest
1334,Residential
1335,Residential
1336,Pasture
1337,Highway
1338,Forest
1339,Forest
1340,River
1341,Forest
1342,Forest
1343,Residential
1344,Pasture
1345,Forest
1346,Residential
1347,Pasture
1348,AnnualCrop
1349,HerbaceousVegetation
1350,Pasture
1351,SeaLake
1352,Highway
1353,Industrial
1354,Residential
1355,Industrial
1356,SeaLake
1357,HerbaceousVegetation
1358,Highway
1359,AnnualCrop
1360,Forest
1361,River
1362,Highway
1363,Forest
1364,Highway
1365,SeaLake
1366,Forest
1367,AnnualCrop
1368,Residential
1369,Forest
1370,River
1371,Residential
1372,Pasture
1373,Forest
1374,HerbaceousVegetation
1375,AnnualCrop
1376,Forest
1377,SeaLake
1378,AnnualCrop
1379,Industrial
1380,Forest
1381,Highway
1382,Forest
1383,Forest
1384,Residential
1385,AnnualCrop
1386,Industrial
1387,Forest
1388,Residential
1389,Highway
1390,Forest
1391,SeaLake
1392,SeaLake
1393,SeaLake
1394,AnnualCrop
1395,PermanentCrop
1396,Forest
1397,Industrial
1398,Industrial
1399,AnnualCrop
1400,Industrial
1401,Pasture
1402,Industrial
1403,Industrial
1404,Industrial
1405,Pasture
1406,Forest
1407,AnnualCrop
1408,Forest
1409,Forest
1410,Highway
1411,Forest
1412,AnnualCrop
1413,Forest
1414,Highway
1415,AnnualCrop
1416,Forest
1417,Highway
1418,SeaLake
1419,PermanentCrop
1420,Residential
1421,Forest
1422,Highway
1423,Forest
1424,Highway
1425,Forest
1426,Forest
1427,Industrial
1428,SeaLake
1429,Forest
1430,River
1431,Forest
1432,HerbaceousVegetation
1433,Forest
1434,Highway
1435,Pasture
1436,Forest
1437,Pasture
1438,Forest
1439,Industrial
1440,Forest
1441,Pasture
1442,HerbaceousVegetation
1443,Highway
1444,Highway
1445,Highway
1446,Industrial
1447,Industrial
1448,Highway
1449,Forest
1450,Residential
1451,Residential
1452,Industrial
1453,Forest
1454,SeaLake
1455,Highway
1456,Industrial
1457,Forest
1458,SeaLake
1459,SeaLake
1460,Highway
1461,Residential
1462,Forest
1463,Highway
1464,Forest
1465,Forest
1466,Industrial
1467,SeaLake
1468,Pasture
1469,Forest
1470,SeaLake
1471,SeaLake
1472,Forest
1473,Forest
1474,Pasture
1475,HerbaceousVegetation
1476,Industrial
1477,Residential
1478,Pasture
1479,Forest
1480,Forest
1481,Forest
1482,SeaLake
1483,SeaLake
1484,Highway
1485,AnnualCrop
1486,Industrial
1487,Forest
1488,Industrial
1489,River
1490,Highway
1491,River
1492,Residential
1493,Residential
1494,Highway
1495,Forest
1496,AnnualCrop
1497,SeaLake
1498,AnnualCrop
1499,SeaLake
1500,Highway
1501,Pasture
1502,Highway
1503,AnnualCrop
1504,SeaLake
1505,Highway
1506,Forest
1507,Pasture
1508,Forest
1509,Forest
1510,Industrial
1511,AnnualCrop
1512,River
1513,Highway
1514,River
1515,Highway
1516,Forest
1517,SeaLake
1518,Highway
1519,Forest
1520,Forest
1521,Industrial
1522,PermanentCrop
1523,Forest
1524,Forest
1525,Forest
1526,Forest
1527,Forest
1528,Pasture
1529,Residential
1530,Forest
1531,AnnualCrop
1532,SeaLake
1533,Forest
1534,Pasture
1535,Forest
1536,Highway
1537,Residential
1538,Forest
1539,SeaLake
1540,Forest
1541,Residential
1542,Forest
1543,Pasture
1544,River
1545,Forest
1546,Forest
1547,AnnualCrop
1548,Industrial
1549,AnnualCrop
1550,SeaLake
1551,HerbaceousVegetation
1552,Residential
1553,HerbaceousVegetation
1554,Highway
1555,Forest
1556,Forest
1557,Forest
1558,AnnualCrop
1559,Highway
1560,AnnualCrop
1561,AnnualCrop
1562,SeaLake
1563,Industrial
1564,River
1565,AnnualCrop
1566,Forest
1567,Pasture
1568,Industrial
1569,Residential
1570,Forest
1571,Residential
1572,Pasture
1573,Forest
1574,Forest
1575,Forest
1576,Pasture
1577,Forest
1578,SeaLake
1579,SeaLake
1580,Highway
1581,Highway
1582,Forest
1583,AnnualCrop
1584,River
1585,Residential
1586,Residential
1587,Pasture
1588,SeaLake
1589,Industrial
1590,Residential
1591,Pasture
1592,River
1593,Forest
1594,SeaLake
1595,Highway
1596,AnnualCrop
1597,Forest
1598,Forest
1599,Residential
1600,Forest
1601,Forest
1602,Highway
1603,Forest
1604,Forest
1605,Forest
1606,Forest
1607,SeaLake
1608,Highway
1609,PermanentCrop
1610,River
1611,AnnualCrop
1612,Industrial
1613,Industrial
1614,Residential
1615,SeaLake
1616,Forest
1617,AnnualCrop
1618,Forest
1619,AnnualCrop
1620,Highway
1621,Residential
1622,Residential
1623,Forest
1624,Forest
1625,HerbaceousVegetation
1626,SeaLake
1627,Highway
1628,HerbaceousVegetation
1629,SeaLake
1630,PermanentCrop
1631,Forest
1632,AnnualCrop
1633,HerbaceousVegetation
1634,AnnualCrop
1635,River
1636,Industrial
1637,AnnualCrop
1638,Forest
1639,Highway
1640,River
1641,SeaLake
1642,Forest
1643,Pasture
1644,Highway
1645,Forest
1646,Highway
1647,Pasture
1648,Residential
1649,Highway
1650,AnnualCrop
1651,Forest
1652,Forest
1653,Residential
1654,Residential
1655,River
1656,Forest
1657,AnnualCrop
1658,Forest
1659,Residential
1660,Highway
1661,Highway
1662,Forest
1663,River
1664,SeaLake
1665,Industrial
1666,Industrial
1667,Forest
1668,Forest
1669,Residential
1670,SeaLake
1671,Residential
1672,Highway
1673,Pasture
1674,Highway
1675,Forest
1676,HerbaceousVegetation
1677,Forest
1678,Pasture
1679,AnnualCrop
1680,SeaLake
1681,Industrial
1682,Forest
1683,Residential
1684,Forest
1685,Highway
1686,Residential
1687,Highway
1688,Highway
1689,AnnualCrop
1690,Residential
1691,Forest
1692,Residential
1693,Forest
1694,SeaLake
1695,Pasture
1696,HerbaceousVegetation
1697,Pasture
1698,AnnualCrop
1699,Highway
1700,Industrial
1701,Highway
1702,Forest
1703,Forest
1704,SeaLake
1705,SeaLake
1706,AnnualCrop
1707,Industrial
1708,Forest
1709,HerbaceousVegetation
1710,River
1711,Highway
1712,SeaLake
1713,SeaLake
1714,Forest
1715,Pasture
1716,Pasture
1717,Highway
1718,AnnualCrop
1719,HerbaceousVegetation
1720,HerbaceousVegetation
1721,Forest
1722,AnnualCrop
1723,Highway
1724,Residential
1725,Forest
1726,HerbaceousVegetation
1727,River
1728,Highway
1729,AnnualCrop
1730,AnnualCrop
1731,Residential
1732,Pasture
1733,HerbaceousVegetation
1734,HerbaceousVegetation
1735,AnnualCrop
1736,Industrial
1737,Forest
1738,AnnualCrop
1739,AnnualCrop
1740,Highway
1741,SeaLake
1742,Residential
1743,Forest
1744,Forest
1745,Pasture
1746,Forest
1747,Forest
1748,Pasture
1749,Forest
1750,Highway
1751,Pasture
1752,Residential
1753,Residential
1754,Forest
1755,AnnualCrop
1756,HerbaceousVegetation
1757,Forest
1758,Forest
1759,Forest
1760,Forest
1761,Highway
1762,Pasture
1763,Residential
1764,HerbaceousVegetation
1765,Industrial
1766,Forest
1767,HerbaceousVegetation
1768,PermanentCrop
1769,Forest
1770,Forest
1771,Pasture
1772,SeaLake
1773,Forest
1774,HerbaceousVegetation
1775,Forest
1776,Forest
1777,HerbaceousVegetation
1778,Forest
1779,Highway
1780,Forest
1781,Forest
1782,Pasture
1783,Industrial
1784,Highway
1785,Forest
1786,Pasture
1787,Forest
1788,Industrial
1789,Highway
1790,Residential
1791,Forest
1792,Pasture
1793,Highway
1794,Industrial
1795,Residential
1796,SeaLake
1797,AnnualCrop
1798,River
1799,Forest
1800,Highway
1801,Highway
1802,Residential
1803,Industrial
1804,SeaLake
1805,Pasture
1806,Forest
1807,Forest
1808,Pasture
1809,Pasture
1810,SeaLake
1811,Highway
1812,Forest
1813,Industrial
1814,Highway
1815,Residential
1816,PermanentCrop
1817,Highway
1818,AnnualCrop
1819,Residential
1820,Forest
1821,AnnualCrop
1822,Forest
1823,SeaLake
1824,Pasture
1825,Highway
1826,Industrial
1827,Highway
1828,Forest
1829,SeaLake
1830,Highway
1831,Residential
1832,Forest
1833,Forest
1834,Residential
1835,Residential
1836,Forest
1837,Residential
1838,Forest
1839,Industrial
1840,Highway
1841,AnnualCrop
1842,Forest
1843,Forest
1844,Pasture
1845,Highway
1846,Industrial
1847,Forest
1848,River
1849,HerbaceousVegetation
1850,Forest
1851,Residential
1852,Residential
1853,Highway
1854,AnnualCrop
1855,Forest
1856,SeaLake
1857,AnnualCrop
1858,AnnualCrop
1859,Residential
1860,Highway
1861,Forest
1862,Forest
1863,Forest
1864,Highway
1865,Forest
1866,Highway
1867,River
1868,River
1869,Forest
1870,Residential
1871,Highway
1872,Forest
1873,Residential
1874,Highway
1875,AnnualCrop
1876,River
1877,Forest
1878,SeaLake
1879,SeaLake
1880,Forest
1881,Pasture
1882,Industrial
1883,Highway
1884,Forest
1885,Forest
1886,Pasture
1887,Pasture
1888,Forest
1889,SeaLake
1890,Forest
1891,Residential
1892,Forest
1893,Forest
1894,Forest
1895,Pasture
1896,Forest
1897,AnnualCrop
1898,Forest
1899,Industrial
1900,SeaLake
1901,Highway
1902,SeaLake
1903,Forest
1904,AnnualCrop
1905,Forest
1906,Forest
1907,Forest
1908,Residential
1909,SeaLake
1910,Highway
1911,Pasture
1912,Pasture
1913,SeaLake
1914,Industrial
1915,Forest
1916,Forest
1917,AnnualCrop
1918,Highway
1919,PermanentCrop
1920,Residential
1921,SeaLake
1922,Forest
1923,Forest
1924,Industrial
1925,SeaLake
1926,Residential
1927,Highway
1928,Forest
1929,SeaLake
1930,Forest
1931,Forest
1932,Forest
1933,Forest
1934,Industrial
1935,PermanentCrop
1936,AnnualCrop
1937,SeaLake
1938,Forest
1939,Forest
1940,Residential
1941,Forest
1942,Residential
1943,Forest
1944,Forest
1945,SeaLake
1946,HerbaceousVegetation
1947,Residential
1948,Pasture
1949,Pasture
1950,Forest
1951,Industrial
1952,Pasture
1953,Forest
1954,Industrial
1955,Forest
1956,SeaLake
1957,Forest
1958,Forest
1959,River
1960,SeaLake
1961,AnnualCrop
1962,Industrial
1963,Highway
1964,Forest
1965,AnnualCrop
1966,Residential
1967,Industrial
1968,Forest
1969,Pasture
1970,Highway
1971,Pasture
1972,Highway
1973,River
1974,Residential
1975,Highway
1976,HerbaceousVegetation
1977,Pasture
1978,HerbaceousVegetation
1979,Forest
1980,PermanentCrop
1981,Forest
1982,SeaLake
1983,Forest
1984,Forest
1985,Forest
1986,River
1987,Pasture
1988,Forest
1989,Pasture
1990,Pasture
1991,Residential
1992,SeaLake
1993,Pasture
1994,Highway
1995,Industrial
1996,Industrial
1997,Residential
1998,AnnualCrop
1999,Forest
2000,River
2001,Highway
2002,Residential
2003,AnnualCrop
2004,Industrial
2005,Forest
2006,Pasture
2007,Highway
2008,Highway
2009,Forest
2010,SeaLake
2011,Forest
2012,Residential
2013,Residential
2014,Forest
2015,Forest
2016,Forest
2017,HerbaceousVegetation
2018,Industrial
2019,Highway
2020,Forest
2021,Forest
2022,River
2023,Forest
2024,Forest
2025,River
2026,Forest
2027,Forest
2028,Residential
2029,Residential
2030,Pasture
2031,Highway
2032,Forest
2033,Forest
2034,Forest
2035,AnnualCrop
2036,Forest
2037,Forest
2038,Forest
2039,Forest
2040,AnnualCrop
2041,PermanentCrop
2042,Highway
2043,Highway
2044,SeaLake
2045,Forest
2046,Forest
2047,Forest
2048,HerbaceousVegetation
2049,HerbaceousVegetation
2050,Highway
2051,Highway
2052,Forest
2053,Industrial
2054,Forest
2055,Residential
2056,Residential
2057,River
2058,Industrial
2059,AnnualCrop
2060,Forest
2061,Forest
2062,Industrial
2063,Residential
2064,Forest
2065,Forest
2066,Forest
2067,Forest
2068,Highway
2069,River
2070,Highway
2071,Residential
2072,Pasture
2073,Forest
2074,Highway
2075,Residential
2076,Industrial
2077,HerbaceousVegetation
2078,Forest
2079,Forest
2080,Pasture
2081,Highway
2082,Forest
2083,River
2084,Residential
2085,Highway
2086,Highway
2087,Residential
2088,SeaLake
2089,Forest
2090,River
2091,Forest
2092,AnnualCrop
2093,Highway
2094,Residential
2095,Residential
2096,Forest
2097,Residential
2098,Highway
2099,AnnualCrop
2100,Forest
2101,River
2102,HerbaceousVegetation
2103,Highway
2104,Forest
2105,HerbaceousVegetation
2106,PermanentCrop
2107,Forest
2108,Forest
2109,Forest
2110,SeaLake
2111,Highway
2112,Forest
2113,Forest
2114,River
2115,Industrial
2116,River
2117,Highway
2118,Residential
2119,SeaLake
2120,PermanentCrop
2121,Forest
2122,Residential
2123,AnnualCrop
2124,AnnualCrop
2125,Highway
2126,SeaLake
2127,Industrial
2128,SeaLake
2129,Industrial
2130,SeaLake
2131,Industrial
2132,Forest
2133,Forest
2134,Industrial
2135,Pasture
2136,Forest
2137,Pasture
2138,Residential
2139,HerbaceousVegetation
2140,Forest
2141,HerbaceousVegetation
2142,Highway
2143,Forest
2144,Residential
2145,Forest
2146,Forest
2147,Pasture
2148,Residential
2149,Pasture
2150,Forest
2151,SeaLake
2152,AnnualCrop
2153,Highway
2154,Residential
2155,Forest
2156,Highway
2157,SeaLake
2158,Pasture
2159,Forest
2160,SeaLake
2161,Forest
2162,PermanentCrop
2163,AnnualCrop
2164,Forest
2165,AnnualCrop
2166,Highway
2167,Forest
2168,Forest
2169,AnnualCrop
2170,Residential
2171,Forest
2172,Industrial
2173,Industrial
2174,Forest
2175,Forest
2176,Forest
2177,Forest
2178,SeaLake
2179,AnnualCrop
2180,AnnualCrop
2181,Residential
2182,Forest
2183,Residential
2184,Forest
2185,Forest
2186,PermanentCrop
2187,SeaLake
2188,AnnualCrop
2189,SeaLake
2190,Forest
2191,Pasture
2192,River
2193,Highway
2194,PermanentCrop
2195,HerbaceousVegetation
2196,SeaLake
2197,Forest
2198,Highway
2199,Forest
2200,Residential
2201,AnnualCrop
2202,Highway
2203,SeaLake
2204,Forest
2205,HerbaceousVegetation
2206,Residential
2207,Residential
2208,Highway
2209,Forest
2210,SeaLake
2211,HerbaceousVegetation
2212,AnnualCrop
2213,SeaLake
2214,Forest
2215,Highway
2216,Pasture
2217,HerbaceousVegetation
2218,Highway
2219,Forest
2220,Forest
2221,Forest
2222,Industrial
2223,Highway
2224,Forest
2225,Forest
2226,Industrial
2227,HerbaceousVegetation
2228,Residential
2229,Residential
2230,Highway
2231,Forest
2232,Forest
2233,Pasture
2234,Highway
2235,Pasture
2236,Residential
2237,Pasture
2238,Forest
2239,Forest
2240,Forest
2241,Industrial
2242,Residential
2243,SeaLake
2244,Forest
2245,Residential
2246,Forest
2247,AnnualCrop
2248,River
2249,Forest
2250,HerbaceousVegetation
2251,AnnualCrop
2252,Forest
2253,River
2254,Forest
2255,Pasture
2256,AnnualCrop
2257,Forest
2258,Pasture
2259,PermanentCrop
2260,Forest
2261,Forest
2262,AnnualCrop
2263,Pasture
2264,Forest
2265,Highway
2266,Forest
2267,Pasture
2268,Forest
2269,Forest
2270,SeaLake
2271,SeaLake
2272,AnnualCrop
2273,Forest
2274,Highway
2275,Highway
2276,Pasture
2277,Pasture
2278,Forest
2279,Forest
2280,Forest
2281,Highway
2282,Residential
2283,Forest
2284,SeaLake
2285,Highway
2286,Industrial
2287,Forest
2288,Pasture
2289,AnnualCrop
2290,Forest
2291,PermanentCrop
2292,HerbaceousVegetation
2293,Forest
2294,PermanentCrop
2295,Forest
2296,Highway
2297,Residential
2298,River
2299,AnnualCrop
2300,Forest
2301,Pasture
2302,Forest
2303,Pasture
2304,HerbaceousVegetation
2305,Forest
2306,AnnualCrop
2307,Forest
2308,Residential
2309,Pasture
2310,Forest
2311,Forest
2312,Forest
2313,HerbaceousVegetation
2314,HerbaceousVegetation
2315,Forest
2316,Forest
2317,Pasture
2318,SeaLake
2319,Residential
2320,Residential
2321,AnnualCrop
2322,Forest
2323,Pasture
2324,River
2325,HerbaceousVegetation
2326,Forest
2327,Pasture
2328,Residential
2329,Forest
2330,Forest
2331,Industrial
2332,Forest
2333,Pasture
2334,Pasture
2335,Pasture
2336,Industrial
2337,Residential
2338,Residential
2339,HerbaceousVegetation
2340,Industrial
2341,Industrial
2342,Highway
2343,Forest
2344,Forest
2345,Residential
2346,Residential
2347,Forest
2348,River
2349,River
2350,Forest
2351,Industrial
2352,Forest
2353,Highway
2354,HerbaceousVegetation
2355,Forest
2356,Residential
2357,Forest
2358,Forest
2359,Forest
2360,Forest
2361,Highway
2362,Pasture
2363,Pasture
2364,Forest
2365,Forest
2366,Highway
2367,SeaLake
2368,AnnualCrop
2369,PermanentCrop
2370,Residential
2371,HerbaceousVegetation
2372,Pasture
2373,Forest
2374,Forest
2375,River
2376,Pasture
2377,Forest
2378,Forest
2379,River
2380,Industrial
2381,Forest
2382,Forest
2383,Forest
2384,Forest
2385,Forest
2386,Pasture
2387,HerbaceousVegetation
2388,SeaLake
2389,Industrial
2390,Industrial
2391,Forest
2392,PermanentCrop
2393,SeaLake
2394,Highway
2395,Highway
2396,Residential
2397,SeaLake
2398,Residential
2399,Forest
2400,Pasture
2401,Forest
2402,Forest
2403,Forest
2404,Pasture
2405,Forest
2406,Residential
2407,Forest
2408,HerbaceousVegetation
2409,Pasture
2410,Highway
2411,Pasture
2412,Pasture
2413,Pasture
2414,SeaLake
2415,Residential
2416,Forest
2417,Industrial
2418,SeaLake
2419,Highway
2420,Residential
2421,AnnualCrop
2422,Highway
2423,HerbaceousVegetation
2424,Highway
2425,Highway
2426,Forest
2427,Forest
2428,Residential
2429,Forest
2430,Pasture
2431,Forest
2432,Highway
2433,Forest
2434,Highway
2435,Forest
2436,Pasture
2437,Residential
2438,Forest
2439,Residential
2440,Forest
2441,Forest
2442,Highway
2443,AnnualCrop
2444,SeaLake
2445,Residential
2446,Residential
2447,SeaLake
2448,SeaLake
2449,Forest
2450,Forest
2451,AnnualCrop
2452,Forest
2453,Forest
2454,Pasture
2455,Pasture
2456,Forest
2457,Forest
2458,Forest
2459,Forest
2460,Forest
2461,SeaLake
2462,Highway
2463,Forest
2464,Residential
2465,Industrial
2466,SeaLake
2467,HerbaceousVegetation
2468,Forest
2469,AnnualCrop
2470,Residential
2471,Highway
2472,SeaLake
2473,Highway
2474,Forest
2475,Forest
2476,Forest
2477,Highway
2478,Residential
2479,SeaLake
2480,SeaLake
2481,HerbaceousVegetation
2482,Forest
2483,Highway
2484,Residential
2485,Highway
2486,AnnualCrop
2487,Forest
2488,Forest
2489,Forest
2490,HerbaceousVegetation
2491,Forest
2492,River
2493,AnnualCrop
2494,Forest
2495,SeaLake
2496,Pasture
2497,Industrial
2498,SeaLake
2499,SeaLake
2500,Residential
2501,Forest
2502,Forest
2503,Industrial
2504,HerbaceousVegetation
2505,Pasture
2506,Pasture
2507,Forest
2508,Pasture
2509,Forest
2510,Pasture
2511,Forest
2512,SeaLake
2513,Forest
2514,Forest
2515,Pasture
2516,Forest
2517,HerbaceousVegetation
2518,HerbaceousVegetation
2519,AnnualCrop
2520,River
2521,Highway
2522,Pasture
2523,AnnualCrop
2524,Forest
2525,Forest
2526,Forest
2527,Highway
2528,Forest
2529,SeaLake
2530,Forest
2531,Pasture
2532,Highway
2533,Forest
2534,SeaLake
2535,Forest
2536,Industrial
2537,Forest
2538,Residential
2539,Highway
2540,Highway
2541,SeaLake
2542,Industrial
2543,Forest
2544,Residential
2545,Pasture
2546,Industrial
2547,Forest
2548,Forest
2549,Forest
2550,River
2551,Highway
2552,SeaLake
2553,River
2554,Forest
2555,Highway
2556,River
2557,Pasture
2558,SeaLake
2559,Residential
2560,HerbaceousVegetation
2561,Forest
2562,Industrial
2563,Forest
2564,SeaLake
2565,Forest
2566,Forest
2567,Forest
2568,Forest
2569,River
2570,Forest
2571,HerbaceousVegetation
2572,Industrial
2573,Pasture
2574,Residential
2575,Forest
2576,Highway
2577,Highway
2578,Industrial
2579,AnnualCrop
2580,PermanentCrop
2581,Forest
2582,Pasture
2583,Forest
2584,Industrial
2585,Industrial
2586,Residential
2587,Highway
2588,River
2589,SeaLake
2590,Industrial
2591,Highway
2592,SeaLake
2593,Highway
2594,Highway
2595,SeaLake
2596,Forest
2597,Pasture
2598,Pasture
2599,Forest
2600,AnnualCrop
2601,Highway
2602,Forest
2603,River
2604,Forest
2605,SeaLake
2606,Highway
2607,Pasture
2608,AnnualCrop
2609,Pasture
2610,Industrial
2611,PermanentCrop
2612,SeaLake
2613,Highway
2614,Forest
2615,Pasture
2616,River
2617,Highway
2618,Forest
2619,Forest
2620,Residential
2621,PermanentCrop
2622,Pasture
2623,Industrial
2624,Pasture
2625,Pasture
2626,Forest
2627,AnnualCrop
2628,Forest
2629,Forest
2630,Forest
2631,SeaLake
2632,Forest
2633,Pasture
2634,SeaLake
2635,Residential
2636,Residential
2637,AnnualCrop
2638,Pasture
2639,Forest
2640,Forest
2641,HerbaceousVegetation
2642,Forest
2643,Highway
2644,Forest
2645,SeaLake
2646,Forest
2647,HerbaceousVegetation
2648,Forest
2649,Residential
2650,Forest
2651,Forest
2652,Forest
2653,River
2654,SeaLake
2655,HerbaceousVegetation
2656,Industrial
2657,Forest
2658,Forest
2659,Residential
2660,Residential
2661,River
2662,Residential
2663,Residential
2664,Highway
2665,Forest
2666,Forest
2667,River
2668,Forest
2669,Forest
2670,Industrial
2671,Residential
2672,Pasture
2673,Industrial
2674,SeaLake
2675,AnnualCrop
2676,AnnualCrop
2677,Forest
2678,Industrial
2679,Pasture
2680,River
2681,SeaLake
2682,Forest
2683,Forest
2684,Forest
2685,SeaLake
2686,Residential
2687,Residential
2688,Residential
2689,Pasture
2690,AnnualCrop
2691,Pasture
2692,Forest
2693,SeaLake
2694,Highway
2695,AnnualCrop
2696,Pasture
2697,PermanentCrop
2698,Highway
2699,SeaLake
2700,Pasture
2701,Highway
2702,Highway
2703,Forest
2704,SeaLake
2705,Residential
2706,HerbaceousVegetation
2707,Forest
2708,Residential
2709,Forest
2710,Highway
2711,Forest
2712,AnnualCrop
2713,Forest
2714,Highway
2715,Pasture
2716,Forest
2717,Forest
2718,AnnualCrop
2719,Residential
2720,Residential
2721,Forest
2722,SeaLake
2723,Residential
2724,Residential
2725,River
2726,SeaLake
2727,Forest
2728,SeaLake
2729,HerbaceousVegetation
2730,SeaLake
2731,Highway
2732,Industrial
2733,River
2734,HerbaceousVegetation
2735,HerbaceousVegetation
2736,SeaLake
2737,Forest
2738,HerbaceousVegetation
2739,Forest
2740,AnnualCrop
2741,HerbaceousVegetation
2742,Highway
2743,River
2744,River
2745,Residential
2746,Industrial
2747,Industrial
2748,Forest
2749,Residential
2750,Pasture
2751,Highway
2752,Pasture
2753,Pasture
2754,Forest
2755,Forest
2756,Forest
2757,AnnualCrop
2758,Residential
2759,SeaLake
2760,Forest
2761,SeaLake
2762,Forest
2763,River
2764,Highway
2765,Residential
2766,Industrial
2767,River
2768,Forest
2769,SeaLake
2770,Forest
2771,SeaLake
2772,Highway
2773,Residential
2774,Highway
2775,Forest
2776,Residential
2777,Forest
2778,SeaLake
2779,SeaLake
2780,AnnualCrop
2781,Forest
2782,Industrial
2783,Highway
2784,Residential
2785,Forest
2786,Pasture
2787,Forest
2788,Residential
2789,Highway
2790,River
2791,Industrial
2792,Residential
2793,Residential
2794,Forest
2795,Forest
2796,Highway
2797,Highway
2798,SeaLake
2799,River
2800,Highway
2801,SeaLake
2802,Highway
2803,Forest
2804,Forest
2805,SeaLake
2806,Forest
2807,Industrial
2808,HerbaceousVegetation
2809,HerbaceousVegetation
2810,Pasture
2811,River
2812,SeaLake
2813,Highway
2814,Pasture
2815,SeaLake
2816,Residential
2817,Forest
2818,Industrial
2819,Highway
2820,Highway
2821,AnnualCrop
2822,Pasture
2823,Forest
2824,Residential
2825,River
2826,Industrial
2827,Residential
2828,Forest
2829,AnnualCrop
2830,SeaLake
2831,Highway
2832,Pasture
2833,SeaLake
2834,Highway
2835,Highway
2836,Forest
2837,Residential
2838,HerbaceousVegetation
2839,Forest
2840,Forest
2841,HerbaceousVegetation
2842,River
2843,River
2844,SeaLake
2845,SeaLake
2846,SeaLake
2847,Highway
2848,Forest
2849,Pasture
2850,Forest
2851,Forest
2852,SeaLake
2853,Residential
2854,Pasture
2855,Highway
2856,Highway
2857,Forest
2858,Forest
2859,Highway
2860,Pasture
2861,Forest
2862,SeaLake
2863,River
2864,SeaLake
2865,AnnualCrop
2866,Highway
2867,Forest
2868,SeaLake
2869,Industrial
2870,Highway
2871,Residential
2872,Industrial
2873,Residential
2874,Industrial
2875,AnnualCrop
2876,Forest
2877,Residential
2878,Forest
2879,AnnualCrop
2880,Forest
2881,AnnualCrop
2882,Forest
2883,Residential
2884,Highway
2885,Forest
2886,Highway
2887,Pasture
2888,SeaLake
2889,AnnualCrop
2890,Forest
2891,SeaLake
2892,Forest
2893,Forest
2894,Highway
2895,Forest
2896,AnnualCrop
2897,Highway
2898,PermanentCrop
2899,Forest
2900,AnnualCrop
2901,Forest
2902,PermanentCrop
2903,Highway
2904,AnnualCrop
2905,SeaLake
2906,Residential
2907,Highway
2908,Forest
2909,SeaLake
2910,Forest
2911,Forest
2912,SeaLake
2913,HerbaceousVegetation
2914,Forest
2915,AnnualCrop
2916,Forest
2917,Pasture
2918,Forest
2919,Forest
2920,AnnualCrop
2921,Residential
2922,Pasture
2923,Forest
2924,Forest
2925,Residential
2926,Forest
2927,Forest
2928,Residential
2929,Highway
2930,SeaLake
2931,Forest
2932,Forest
2933,Pasture
2934,Forest
2935,AnnualCrop
2936,Highway
2937,Industrial
2938,Residential
2939,AnnualCrop
2940,Forest
2941,Residential
2942,Forest
2943,Pasture
2944,SeaLake
2945,Highway
2946,Forest
2947,HerbaceousVegetation
2948,Pasture
2949,Forest
2950,AnnualCrop
2951,Forest
2952,River
2953,Highway
2954,Forest
2955,Residential
2956,Forest
2957,Highway
2958,SeaLake
2959,SeaLake
2960,Pasture
2961,Forest
2962,Industrial
2963,Forest
2964,Pasture
2965,Residential
2966,Pasture
2967,Forest
2968,Forest
2969,HerbaceousVegetation
2970,AnnualCrop
2971,Forest
2972,Forest
2973,AnnualCrop
2974,HerbaceousVegetation
2975,AnnualCrop
2976,Pasture
2977,HerbaceousVegetation
2978,Pasture
2979,Residential
2980,HerbaceousVegetation
2981,Residential
2982,SeaLake
2983,PermanentCrop
2984,Forest
2985,Industrial
2986,Highway
2987,Forest
2988,Forest
2989,Industrial
2990,SeaLake
2991,AnnualCrop
2992,Residential
2993,Residential
2994,Residential
2995,AnnualCrop
2996,SeaLake
2997,Residential
2998,AnnualCrop
2999,SeaLake
3000,Pasture
3001,SeaLake
3002,AnnualCrop
3003,Forest
3004,Industrial
3005,Forest
3006,River
3007,Residential
3008,Forest
3009,Forest
3010,HerbaceousVegetation
3011,River
3012,Forest
3013,Forest
3014,SeaLake
3015,AnnualCrop
3016,Residential
3017,Forest
3018,Residential
3019,Pasture
3020,Residential
3021,Forest
3022,Forest
3023,Forest
3024,Forest
3025,Forest
3026,Forest
3027,Forest
3028,SeaLake
3029,Residential
3030,Forest
3031,Pasture
3032,HerbaceousVegetation
3033,Highway
3034,HerbaceousVegetation
3035,Forest
3036,Industrial
3037,AnnualCrop
3038,Forest
3039,Residential
3040,Forest
3041,Highway
3042,Forest
3043,Residential
3044,Forest
3045,AnnualCrop
3046,Highway
3047,River
3048,Residential
3049,Pasture
3050,Forest
3051,AnnualCrop
3052,Highway
3053,SeaLake
3054,Forest
3055,Forest
3056,Forest
3057,Forest
3058,PermanentCrop
3059,Industrial
3060,Residential
3061,Forest
3062,Forest
3063,Highway
3064,Pasture
3065,Pasture
3066,Residential
3067,Residential
3068,SeaLake
3069,Residential
3070,SeaLake
3071,Forest
3072,Highway
3073,Pasture
3074,Residential
3075,Forest
3076,Forest
3077,Forest
3078,Forest
3079,Forest
3080,Forest
3081,AnnualCrop
3082,Forest
3083,Forest
3084,Pasture
3085,Highway
3086,Residential
3087,Industrial
3088,Forest
3089,Residential
3090,HerbaceousVegetation
3091,AnnualCrop
3092,Forest
3093,Forest
3094,Industrial
3095,SeaLake
3096,Highway
3097,Residential
3098,SeaLake
3099,Forest
3100,SeaLake
3101,HerbaceousVegetation
3102,Residential
3103,Forest
3104,HerbaceousVegetation
3105,Pasture
3106,Forest
3107,Highway
3108,Forest
3109,Industrial
3110,Forest
3111,Forest
3112,River
3113,AnnualCrop
3114,Highway
3115,Forest
3116,Forest
3117,Forest
3118,Highway
3119,Highway
3120,SeaLake
3121,Forest
3122,Highway
3123,Industrial
3124,Forest
3125,Forest
3126,AnnualCrop
3127,HerbaceousVegetation
3128,Pasture
3129,Forest
3130,Forest
3131,PermanentCrop
3132,Highway
3133,Highway
3134,River
3135,Pasture
3136,Forest
3137,Forest
3138,Pasture
3139,Highway
3140,AnnualCrop
3141,SeaLake
3142,Forest
3143,Residential
3144,Forest
3145,Forest
3146,HerbaceousVegetation
3147,AnnualCrop
3148,SeaLake
3149,Forest
3150,HerbaceousVegetation
3151,AnnualCrop
3152,Forest
3153,Residential
3154,Residential
3155,Pasture
3156,Forest
3157,Forest
3158,Highway
3159,Highway
3160,Residential
3161,Residential
3162,Forest
3163,Forest
3164,Forest
3165,Pasture
3166,Forest
3167,Pasture
3168,Forest
3169,Pasture
3170,AnnualCrop
3171,AnnualCrop
3172,Residential
3173,River
3174,Pasture
3175,HerbaceousVegetation
3176,HerbaceousVegetation
3177,Forest
3178,HerbaceousVegetation
3179,Pasture
3180,HerbaceousVegetation
3181,River
3182,Industrial
3183,SeaLake
3184,Pasture
3185,Forest
3186,Industrial
3187,Residential
3188,Forest
3189,Forest
3190,Forest
3191,Forest
3192,Forest
3193,Forest
3194,Residential
3195,SeaLake
3196,Forest
3197,Forest
3198,HerbaceousVegetation
3199,AnnualCrop
3200,Forest
3201,River
3202,Forest
3203,SeaLake
3204,Highway
3205,AnnualCrop
3206,River
3207,Highway
3208,Forest
3209,Pasture
3210,Forest
3211,Highway
3212,Residential
3213,SeaLake
3214,Forest
3215,Industrial
3216,River
3217,Forest
3218,Forest
3219,Industrial
3220,Forest
3221,SeaLake
3222,Forest
3223,Industrial
3224,AnnualCrop
3225,Forest
3226,PermanentCrop
3227,Forest
3228,Forest
3229,Residential
3230,Pasture
3231,Residential
3232,Pasture
3233,Residential
3234,AnnualCrop
3235,Highway
3236,Forest
3237,Forest
3238,Highway
3239,Forest
3240,Highway
3241,Residential
3242,PermanentCrop
3243,Highway
3244,Forest
3245,SeaLake
3246,Residential
3247,Forest
3248,Industrial
3249,Residential
3250,Forest
3251,Residential
3252,AnnualCrop
3253,HerbaceousVegetation
3254,Forest
3255,Forest
3256,SeaLake
3257,Industrial
3258,SeaLake
3259,Forest
3260,Highway
3261,AnnualCrop
3262,Forest
3263,Forest
3264,Highway
3265,Pasture
3266,Pasture
3267,Forest
3268,Highway
3269,River
3270,Pasture
3271,SeaLake
3272,Highway
3273,Highway
3274,Forest
3275,Forest
3276,Forest
3277,Pasture
3278,Highway
3279,SeaLake
3280,Pasture
3281,Forest
3282,Forest
3283,Residential
3284,SeaLake
3285,Residential
3286,Forest
3287,Residential
3288,Pasture
3289,Forest
3290,Forest
3291,Pasture
3292,Forest
3293,HerbaceousVegetation
3294,Highway
3295,Pasture
3296,PermanentCrop
3297,SeaLake
3298,Forest
3299,AnnualCrop
3300,Forest
3301,Forest
3302,Forest
3303,Industrial
3304,Forest
3305,Residential
3306,HerbaceousVegetation
3307,Forest
3308,AnnualCrop
3309,HerbaceousVegetation
3310,SeaLake
3311,AnnualCrop
3312,Forest
3313,Pasture
3314,Forest
3315,Forest
3316,Industrial
3317,Industrial
3318,Forest
3319,Forest
3320,Residential
3321,PermanentCrop
3322,Forest
3323,Forest
3324,Pasture
3325,SeaLake
3326,Residential
3327,Residential
3328,Highway
3329,Forest
3330,Forest
3331,Highway
3332,River
3333,Forest
3334,SeaLake
3335,Pasture
3336,Forest
3337,SeaLake
3338,SeaLake
3339,SeaLake
3340,Industrial
3341,PermanentCrop
3342,SeaLake
3343,Pasture
3344,Forest
3345,AnnualCrop
3346,Forest
3347,Forest
3348,Pasture
3349,Forest
3350,Highway
3351,Forest
3352,Highway
3353,River
3354,Forest
3355,Forest
3356,Residential
3357,Forest
3358,Forest
3359,Highway
3360,SeaLake
3361,Highway
3362,SeaLake
3363,Forest
3364,Highway
3365,Forest
3366,River
3367,River
3368,River
3369,Forest
3370,AnnualCrop
3371,Forest
3372,HerbaceousVegetation
3373,Forest
3374,Residential
3375,Industrial
3376,Industrial
3377,SeaLake
3378,Highway
3379,Forest
3380,Pasture
3381,Forest
3382,Highway
3383,Residential
3384,SeaLake
3385,Forest
3386,PermanentCrop
3387,HerbaceousVegetation
3388,Highway
3389,Residential
3390,Forest
3391,Industrial
3392,Industrial
3393,Pasture
3394,Pasture
3395,Forest
3396,HerbaceousVegetation
3397,Forest
3398,SeaLake
3399,Forest
3400,Industrial
3401,HerbaceousVegetation
3402,Forest
3403,Highway
3404,HerbaceousVegetation
3405,SeaLake
3406,Pasture
3407,Industrial
3408,Residential
3409,Forest
3410,SeaLake
3411,Highway
3412,Forest
3413,Forest
3414,Forest
3415,Residential
3416,SeaLake
3417,Highway
3418,SeaLake
3419,Highway
3420,Residential
3421,Pasture
3422,Highway
3423,Residential
3424,Forest
3425,Pasture
3426,Forest
3427,Forest
3428,River
3429,HerbaceousVegetation
3430,AnnualCrop
3431,Forest
3432,AnnualCrop
3433,Pasture
3434,Residential
3435,Forest
3436,Forest
3437,Forest
3438,Highway
3439,Forest
3440,Residential
3441,Forest
3442,Highway
3443,AnnualCrop
3444,Forest
3445,River
3446,Forest
3447,HerbaceousVegetation
3448,Residential
3449,River
3450,Pasture
3451,Forest
3452,Forest
3453,HerbaceousVegetation
3454,Forest
3455,Forest
3456,HerbaceousVegetation
3457,AnnualCrop
3458,AnnualCrop
3459,HerbaceousVegetation
3460,Forest
3461,Industrial
3462,AnnualCrop
3463,SeaLake
3464,Forest
3465,Pasture
3466,Highway
3467,River
3468,Forest
3469,Forest
3470,Highway
3471,Highway
3472,Residential
3473,AnnualCrop
3474,Forest
3475,Highway
3476,AnnualCrop
3477,Forest
3478,AnnualCrop
3479,Highway
3480,Pasture
3481,AnnualCrop
3482,Highway
3483,Industrial
3484,Highway
3485,Industrial
3486,Pasture
3487,Forest
3488,Forest
3489,Industrial
3490,Pasture
3491,Residential
3492,Pasture
3493,SeaLake
3494,Forest
3495,SeaLake
3496,HerbaceousVegetation
3497,Forest
3498,HerbaceousVegetation
3499,River
3500,Residential
3501,Residential
3502,HerbaceousVegetation
3503,Forest
3504,Forest
3505,Forest
3506,AnnualCrop
3507,Industrial
3508,Residential
3509,Forest
3510,Forest
3511,SeaLake
3512,SeaLake
3513,PermanentCrop
3514,Industrial
3515,Forest
3516,Industrial
3517,Highway
3518,Forest
3519,Forest
3520,River
3521,Forest
3522,Forest
3523,Forest
3524,Highway
3525,Forest
3526,River
3527,SeaLake
3528,Pasture
3529,Forest
3530,Forest
3531,Industrial
3532,Pasture
3533,AnnualCrop
3534,Residential
3535,Forest
3536,Forest
3537,Forest
3538,Forest
3539,Highway
3540,Residential
3541,Forest
3542,Highway
3543,Industrial
3544,Pasture
3545,Highway
3546,Forest
3547,Forest
3548,Forest
3549,Highway
3550,SeaLake
3551,HerbaceousVegetation
3552,River
3553,SeaLake
3554,Pasture
3555,Forest
3556,Forest
3557,PermanentCrop
3558,HerbaceousVegetation
3559,Highway
3560,Forest
3561,Industrial
3562,Forest
3563,Highway
3564,Forest
3565,Residential
3566,Highway
3567,Forest
3568,SeaLake
3569,Pasture
3570,SeaLake
3571,Highway
3572,SeaLake
3573,Forest
3574,Pasture
3575,Industrial
3576,Residential
3577,Residential
3578,Forest
3579,Forest
3580,Highway
3581,Forest
3582,Residential
3583,HerbaceousVegetation
3584,Industrial
3585,SeaLake
3586,Forest
3587,Forest
3588,Pasture
3589,Forest
3590,Forest
3591,Residential
3592,HerbaceousVegetation
3593,Pasture
3594,Forest
3595,Forest
3596,Forest
3597,Forest
3598,Pasture
3599,Forest
3600,Forest
3601,AnnualCrop
3602,Forest
3603,Industrial
3604,Forest
3605,Forest
3606,Industrial
3607,Industrial
3608,Forest
3609,Forest
3610,Forest
3611,Forest
3612,SeaLake
3613,Highway
3614,Forest
3615,Pasture
3616,Forest
3617,Forest
3618,Pasture
3619,Residential
3620,SeaLake
3621,Forest
3622,Forest
3623,AnnualCrop
3624,Industrial
3625,Forest
3626,Forest
3627,Highway
3628,Forest
3629,SeaLake
3630,Forest
3631,HerbaceousVegetation
3632,Pasture
3633,Highway
3634,Industrial
3635,Highway
3636,Forest
3637,Forest
3638,River
3639,Forest
3640,Residential
3641,Pasture
3642,Highway
3643,Forest
3644,HerbaceousVegetation
3645,Forest
3646,Industrial
3647,SeaLake
3648,PermanentCrop
3649,Highway
3650,Forest
3651,Forest
3652,Highway
3653,Industrial
3654,Forest
3655,Industrial
3656,SeaLake
3657,Pasture
3658,Highway
3659,Highway
3660,AnnualCrop
3661,HerbaceousVegetation
3662,Forest
3663,River
3664,SeaLake
3665,Forest
3666,Highway
3667,Industrial
3668,HerbaceousVegetation
3669,Forest
3670,Highway
3671,Highway
3672,Forest
3673,Industrial
3674,Forest
3675,SeaLake
3676,Residential
3677,SeaLake
3678,River
3679,AnnualCrop
3680,Forest
3681,Highway
3682,PermanentCrop
3683,Forest
3684,Forest
3685,Residential
3686,AnnualCrop
3687,Forest
3688,AnnualCrop
3689,SeaLake
3690,Forest
3691,SeaLake
3692,Forest
3693,Forest
3694,Residential
3695,Pasture
3696,SeaLake
3697,Pasture
3698,Residential
3699,AnnualCrop
3700,Residential
3701,Residential
3702,SeaLake
3703,Forest
3704,Forest
3705,River
3706,HerbaceousVegetation
3707,Pasture
3708,Highway
3709,Residential
3710,Highway
3711,Pasture
3712,Pasture
3713,Residential
3714,Forest
3715,River
3716,Forest
3717,Residential
3718,Forest
3719,Forest
3720,AnnualCrop
3721,Residential
3722,Forest
3723,Residential
3724,SeaLake
3725,Industrial
3726,Forest
3727,Industrial
3728,Pasture
3729,River
3730,Residential
3731,AnnualCrop
3732,SeaLake
3733,SeaLake
3734,Forest
3735,Highway
3736,Industrial
3737,Pasture
3738,Forest
3739,Forest
3740,Industrial
3741,HerbaceousVegetation
3742,Residential
3743,Industrial
3744,Industrial
3745,Industrial
3746,Industrial
3747,AnnualCrop
3748,Forest
3749,Residential
3750,Industrial
3751,Forest
3752,AnnualCrop
3753,Highway
3754,Forest
3755,Residential
3756,Forest
3757,Forest
3758,Pasture
3759,Forest
3760,Pasture
3761,PermanentCrop
3762,AnnualCrop
3763,SeaLake
3764,Forest
3765,Residential
3766,Highway
3767,Highway
3768,Forest
3769,Highway
3770,Industrial
3771,Forest
3772,Residential
3773,Residential
3774,AnnualCrop
3775,HerbaceousVegetation
3776,Industrial
3777,Highway
3778,Pasture
3779,SeaLake
3780,River
3781,SeaLake
3782,Forest
3783,Highway
3784,Residential
3785,SeaLake
3786,Forest
3787,Highway
3788,Highway
3789,Pasture
3790,Pasture
3791,HerbaceousVegetation
3792,Industrial
3793,Forest
3794,Pasture
3795,Forest
3796,Forest
3797,Forest
3798,SeaLake
3799,Highway
3800,Forest
3801,Pasture
3802,Highway
3803,Forest
3804,Industrial
3805,SeaLake
3806,Forest
3807,Forest
3808,Forest
3809,Forest
3810,Highway
3811,Industrial
3812,SeaLake
3813,Highway
3814,Residential
3815,Highway
3816,Forest
3817,SeaLake
3818,AnnualCrop
3819,Pasture
3820,AnnualCrop
3821,SeaLake
3822,Pasture
3823,Residential
3824,Forest
3825,Residential
3826,Forest
3827,Highway
3828,River
3829,Forest
3830,Industrial
3831,Pasture
3832,Forest
3833,Industrial
3834,Pasture
3835,Forest
3836,Forest
3837,SeaLake
3838,PermanentCrop
3839,River
3840,Forest
3841,Industrial
3842,PermanentCrop
3843,Residential
3844,Forest
3845,Industrial
3846,Forest
3847,Residential
3848,Industrial
3849,Forest
3850,Residential
3851,Forest
3852,Forest
3853,Forest
3854,SeaLake
3855,Residential
3856,Residential
3857,Forest
3858,SeaLake
3859,PermanentCrop
3860,SeaLake
3861,AnnualCrop
3862,Forest
3863,Highway
3864,Highway
3865,Forest
3866,River
3867,Residential
3868,Residential
3869,Highway
3870,Forest
3871,Residential
3872,AnnualCrop
3873,Residential
3874,SeaLake
3875,Residential
3876,River
3877,Pasture
3878,Forest
3879,Forest
3880,AnnualCrop
3881,Forest
3882,Residential
3883,Pasture
3884,Residential
3885,Residential
3886,AnnualCrop
3887,Forest
3888,Residential
3889,Forest
3890,Pasture
3891,Forest
3892,Highway
3893,Forest
3894,HerbaceousVegetation
3895,River
3896,Forest
3897,Pasture
3898,Residential
3899,AnnualCrop
3900,Forest
3901,Highway
3902,SeaLake
3903,Pasture
3904,Residential
3905,HerbaceousVegetation
3906,Pasture
3907,Industrial
3908,SeaLake
3909,Highway
3910,SeaLake
3911,Residential
3912,Residential
3913,AnnualCrop
3914,Forest
3915,Pasture
3916,Forest
3917,Forest
3918,Residential
3919,HerbaceousVegetation
3920,Pasture
3921,Forest
3922,Forest
3923,SeaLake
3924,Forest
3925,AnnualCrop
3926,Forest
3927,SeaLake
3928,Forest
3929,HerbaceousVegetation
3930,Residential
3931,PermanentCrop
3932,Forest
3933,Highway
3934,SeaLake
3935,Forest
3936,Forest
3937,Industrial
3938,Residential
3939,Forest
3940,Highway
3941,SeaLake
3942,Pasture
3943,Industrial
3944,Highway
3945,Forest
3946,Industrial
3947,Forest
3948,Forest
3949,Forest
3950,Highway
3951,HerbaceousVegetation
3952,Pasture
3953,Forest
3954,Forest
3955,Forest
3956,Pasture
3957,Forest
3958,Highway
3959,AnnualCrop
3960,SeaLake
3961,Residential
3962,Highway
3963,SeaLake
3964,Forest
3965,Forest
3966,Residential
3967,River
3968,Forest
3969,Forest
3970,Residential
3971,Forest
3972,Forest
3973,Forest
3974,Pasture
3975,Residential
3976,SeaLake
3977,AnnualCrop
3978,Forest
3979,River
3980,SeaLake
3981,Forest
3982,Forest
3983,River
3984,Forest
3985,Industrial
3986,AnnualCrop
3987,Industrial
3988,Forest
3989,River
3990,AnnualCrop
3991,PermanentCrop
3992,AnnualCrop
3993,Pasture
3994,Forest
3995,Pasture
3996,Forest
3997,Forest
3998,Industrial
3999,Forest
4000,SeaLake
4001,Industrial
4002,Industrial
4003,Pasture
4004,Residential
4005,Highway
4006,Forest
4007,SeaLake
4008,Industrial
4009,SeaLake
4010,Forest
4011,Forest
4012,Pasture
4013,Forest
4014,SeaLake
4015,Industrial
4016,Forest
4017,Forest
4018,AnnualCrop
4019,HerbaceousVegetation
4020,SeaLake
4021,Forest
4022,Residential
4023,Highway
4024,AnnualCrop
4025,Forest
4026,SeaLake
4027,Highway
4028,Pasture
4029,Industrial
4030,River
4031,Highway
4032,SeaLake
4033,Highway
4034,Forest
4035,Pasture
4036,Forest
4037,Industrial
4038,Pasture
4039,Forest
4040,SeaLake
4041,SeaLake
4042,Highway
4043,SeaLake
4044,Forest
4045,Residential
4046,AnnualCrop
4047,SeaLake
4048,Highway
4049,HerbaceousVegetation
4050,Forest
4051,HerbaceousVegetation
4052,Highway
4053,River
4054,Highway
4055,Forest
4056,Pasture
4057,Pasture
4058,SeaLake
4059,SeaLake
4060,Residential
4061,Forest
4062,Forest
4063,Residential
4064,Forest
4065,Forest
4066,Pasture
4067,Forest
4068,AnnualCrop
4069,River
4070,HerbaceousVegetation
4071,HerbaceousVegetation
4072,Residential
4073,AnnualCrop
4074,Residential
4075,SeaLake
4076,AnnualCrop
4077,Forest
4078,Residential
4079,Residential
4080,Pasture
4081,AnnualCrop
4082,Pasture
4083,Forest
4084,Industrial
4085,SeaLake
4086,Industrial
4087,Residential
4088,Forest
4089,Forest
4090,HerbaceousVegetation
4091,SeaLake
4092,SeaLake
4093,Forest
4094,AnnualCrop
4095,Pasture
4096,Residential
4097,Forest
4098,River
4099,SeaLake
4100,Highway
4101,Forest
4102,Forest
4103,HerbaceousVegetation
4104,Forest
4105,Forest
4106,Highway
4107,Forest
4108,Residential
4109,Forest
4110,SeaLake
4111,Forest
4112,Highway
4113,Pasture
4114,Forest
4115,Highway
4116,AnnualCrop
4117,Forest
4118,Highway
4119,SeaLake
4120,Forest
4121,HerbaceousVegetation
4122,Industrial
4123,Pasture
4124,Residential
4125,Forest
4126,Highway
4127,SeaLake
4128,HerbaceousVegetation
4129,Forest
4130,SeaLake
4131,SeaLake
4132,Forest
4133,Highway
4134,Residential
4135,Forest
4136,Residential
4137,Highway
4138,Forest
4139,Pasture
4140,Highway
4141,Forest
4142,Highway
4143,Forest
4144,AnnualCrop
4145,AnnualCrop
4146,River
4147,AnnualCrop
4148,Forest
4149,Residential
4150,HerbaceousVegetation
4151,Residential
4152,Forest
4153,HerbaceousVegetation
4154,Highway
4155,Forest
4156,SeaLake
4157,Highway
4158,Pasture
4159,Highway
4160,Pasture
4161,Highway
4162,Residential
4163,Forest
4164,Highway
4165,Highway
4166,HerbaceousVegetation
4167,AnnualCrop
4168,SeaLake
4169,Industrial
4170,SeaLake
4171,Highway
4172,Forest
4173,Residential
4174,River
4175,HerbaceousVegetation
4176,Residential
4177,AnnualCrop
4178,Pasture
4179,Highway
4180,Residential
4181,Forest
4182,Forest
4183,Forest
4184,SeaLake
4185,HerbaceousVegetation
4186,Pasture
4187,Residential
4188,Industrial
4189,SeaLake
4190,Pasture
4191,HerbaceousVegetation
4192,Industrial
4193,Forest
4194,AnnualCrop
4195,Forest
4196,Highway
4197,SeaLake
4198,Forest
4199,Highway
4200,Forest
4201,Forest
4202,Residential
4203,AnnualCrop
4204,Forest
4205,Residential
4206,SeaLake
4207,Forest
4208,Highway
4209,Pasture
4210,Residential
4211,Residential
4212,Pasture
4213,Residential
4214,Forest
4215,Highway
4216,Residential
4217,Industrial
4218,Forest
4219,Forest
4220,Highway
4221,HerbaceousVegetation
4222,Forest
4223,Residential
4224,Forest
4225,Forest
4226,Forest
4227,Forest
4228,Highway
4229,River
4230,Residential
4231,Forest
